Address,Proportion within,SA2
http://linked.data.gov.au/dataset/gnaf-2016-05/address/GAACT714876373,1,http://linked.data.gov.au/dataset/asgs2016/statisticalarealevel2/801051049
http://linked.data.gov.au/dataset/gnaf-2016-05/address/GAACT714882276,1,http://linked.data.gov.au/dataset/asgs2016/statisticalarealevel2/801051049
http://linked.data.gov.au/dataset/gnaf-2016-05/address/GAACT714966597,1,http://linked.data.gov.au/dataset/asgs2016/statisticalarealevel2/801051049
http://linked.data.gov.au/dataset/gnaf-2016-05/address/GAACT714966598,1,http://linked.data.gov.au/dataset/asgs2016/statisticalarealevel2/801051049
http://linked.data.gov.au/dataset/gnaf-2016-05/address/GAACT714967378,1,http://linked.data.gov.au/dataset/asgs2016/statisticalarealevel2/801051049
http://linked.data.gov.au/dataset/gnaf-2016-05/address/GAACT714967379,1,http://linked.data.gov.au/dataset/asgs2016/statisticalarealevel2/801051049
http://linked.data.gov.au/dataset/gnaf-2016-05/address/GAACT714967380,1,http://linked.data.gov.au/dataset/asgs2016/statisticalarealevel2/801051049
http://linked.data.gov.au/dataset/gnaf-2016-05/address/GAACT714967381,1,http://linked.data.gov.au/dataset/asgs2016/statisticalarealevel2/801051049
http://linked.data.gov.au/dataset/gnaf-2016-05/address/GAACT714967382,1,http://linked.data.gov.au/dataset/asgs2016/statisticalarealevel2/801051049
http://linked.data.gov.au/dataset/gnaf-2016-05/address/GAACT714967383,1,http://linked.data.gov.au/dataset/asgs2016/statisticalarealevel2/801051049
http://linked.data.gov.au/dataset/gnaf-2016-05/address/GAACT714967384,1,http://linked.data.gov.au/dataset/asgs2016/statisticalarealevel2/801051049
http://linked.data.gov.au/dataset/gnaf-2016-05/address/GAACT714967385,1,http://linked.data.gov.au/dataset/asgs2016/statisticalarealevel2/801051049
http://linked.data.gov.au/dataset/gnaf-2016-05/address/GAACT714967386,1,http://linked.data.gov.au/dataset/asgs2016/statisticalarealevel2/801051049
http://linked.data.gov.au/dataset/gnaf-2016-05/address/GAACT714967387,1,http://linked.data.gov.au/dataset/asgs2016/statisticalarealevel2/801051049
http://linked.data.gov.au/dataset/gnaf-2016-05/address/GAACT714967388,1,http://linked.data.gov.au/dataset/asgs2016/statisticalarealevel2/801051049
http://linked.data.gov.au/dataset/gnaf-2016-05/address/GAACT714967389,1,http://linked.data.gov.au/dataset/asgs2016/statisticalarealevel2/801051049
http://linked.data.gov.au/dataset/gnaf-2016-05/address/GAACT714967390,1,http://linked.data.gov.au/dataset/asgs2016/statisticalarealevel2/801051049
http://linked.data.gov.au/dataset/gnaf-2016-05/address/GAACT714967391,1,http://linked.data.gov.au/dataset/asgs2016/statisticalarealevel2/801051049
http://linked.data.gov.au/dataset/gnaf-2016-05/address/GAACT714967392,1,http://linked.data.gov.au/dataset/asgs2016/statisticalarealevel2/801051049
http://linked.data.gov.au/dataset/gnaf-2016-05/address/GAACT714967393,1,http://linked.data.gov.au/dataset/asgs2016/statisticalarealevel2/801051049
http://linked.data.gov.au/dataset/gnaf-2016-05/address/GAACT714967394,1,http://linked.data.gov.au/dataset/asgs2016/statisticalarealevel2/801051049
http://linked.data.gov.au/dataset/gnaf-2016-05/address/GAACT714967395,1,http://linked.data.gov.au/dataset/asgs2016/statisticalarealevel2/801051049
http://linked.data.gov.au/dataset/gnaf-2016-05/address/GAACT714967396,1,http://linked.data.gov.au/dataset/asgs2016/statisticalarealevel2/801051049
http://linked.data.gov.au/dataset/gnaf-2016-05/address/GAACT714967397,1,http://linked.data.gov.au/dataset/asgs2016/statisticalarealevel2/801051049
http://linked.data.gov.au/dataset/gnaf-2016-05/address/GAACT714967398,1,http://linked.data.gov.au/dataset/asgs2016/statisticalarealevel2/801051049
http://linked.data.gov.au/dataset/gnaf-2016-05/address/GAACT714967399,1,http://linked.data.gov.au/dataset/asgs2016/statisticalarealevel2/801051049
http://linked.data.gov.au/dataset/gnaf-2016-05/address/GAACT714967400,1,http://linked.data.gov.au/dataset/asgs2016/statisticalarealevel2/801051049
http://linked.data.gov.au/dataset/gnaf-2016-05/address/GAACT714967401,1,http://linked.data.gov.au/dataset/asgs2016/statisticalarealevel2/801051049
http://linked.data.gov.au/dataset/gnaf-2016-05/address/GAACT714967402,1,http://linked.data.gov.au/dataset/asgs2016/statisticalarealevel2/801051049
http://linked.data.gov.au/dataset/gnaf-2016-05/address/GAACT714967542,1,http://linked.data.gov.au/dataset/asgs2016/statisticalarealevel2/801051049
http://linked.data.gov.au/dataset/gnaf-2016-05/address/GAACT715101111,1,http://linked.data.gov.au/dataset/asgs2016/statisticalarealevel2/801051049
http://linked.data.gov.au/dataset/gnaf-2016-05/address/GAACT715101112,1,http://linked.data.gov.au/dataset/asgs2016/statisticalarealevel2/801051049
http://linked.data.gov.au/dataset/gnaf-2016-05/address/GAACT715101113,1,http://linked.data.gov.au/dataset/asgs2016/statisticalarealevel2/801051049
http://linked.data.gov.au/dataset/gnaf-2016-05/address/GAACT715101114,1,http://linked.data.gov.au/dataset/asgs2016/statisticalarealevel2/801051049
http://linked.data.gov.au/dataset/gnaf-2016-05/address/GAACT715101115,1,http://linked.data.gov.au/dataset/asgs2016/statisticalarealevel2/801051049
http://linked.data.gov.au/dataset/gnaf-2016-05/address/GAACT715101116,1,http://linked.data.gov.au/dataset/asgs2016/statisticalarealevel2/801051049
http://linked.data.gov.au/dataset/gnaf-2016-05/address/GAACT715101146,1,http://linked.data.gov.au/dataset/asgs2016/statisticalarealevel2/801051049
http://linked.data.gov.au/dataset/gnaf-2016-05/address/GAACT715101148,1,http://linked.data.gov.au/dataset/asgs2016/statisticalarealevel2/801051049
http://linked.data.gov.au/dataset/gnaf-2016-05/address/GAACT715101806,1,http://linked.data.gov.au/dataset/asgs2016/statisticalarealevel2/801051049
http://linked.data.gov.au/dataset/gnaf-2016-05/address/GAACT715101807,1,http://linked.data.gov.au/dataset/asgs2016/statisticalarealevel2/801051049
http://linked.data.gov.au/dataset/gnaf-2016-05/address/GAACT715101808,1,http://linked.data.gov.au/dataset/asgs2016/statisticalarealevel2/801051049
http://linked.data.gov.au/dataset/gnaf-2016-05/address/GAACT715101809,1,http://linked.data.gov.au/dataset/asgs2016/statisticalarealevel2/801051049
http://linked.data.gov.au/dataset/gnaf-2016-05/address/GAACT715101810,1,http://linked.data.gov.au/dataset/asgs2016/statisticalarealevel2/801051049
http://linked.data.gov.au/dataset/gnaf-2016-05/address/GAACT715101811,1,http://linked.data.gov.au/dataset/asgs2016/statisticalarealevel2/801051049
http://linked.data.gov.au/dataset/gnaf-2016-05/address/GAACT715101812,1,http://linked.data.gov.au/dataset/asgs2016/statisticalarealevel2/801051049
http://linked.data.gov.au/dataset/gnaf-2016-05/address/GAACT715101817,1,http://linked.data.gov.au/dataset/asgs2016/statisticalarealevel2/801051049
http://linked.data.gov.au/dataset/gnaf-2016-05/address/GAACT715101818,1,http://linked.data.gov.au/dataset/asgs2016/statisticalarealevel2/801051049
http://linked.data.gov.au/dataset/gnaf-2016-05/address/GAACT715101819,1,http://linked.data.gov.au/dataset/asgs2016/statisticalarealevel2/801051049
http://linked.data.gov.au/dataset/gnaf-2016-05/address/GAACT715101820,1,http://linked.data.gov.au/dataset/asgs2016/statisticalarealevel2/801051049
http://linked.data.gov.au/dataset/gnaf-2016-05/address/GAACT715101821,1,http://linked.data.gov.au/dataset/asgs2016/statisticalarealevel2/801051049
http://linked.data.gov.au/dataset/gnaf-2016-05/address/GAACT715101822,1,http://linked.data.gov.au/dataset/asgs2016/statisticalarealevel2/801051049
http://linked.data.gov.au/dataset/gnaf-2016-05/address/GAACT715101823,1,http://linked.data.gov.au/dataset/asgs2016/statisticalarealevel2/801051049
http://linked.data.gov.au/dataset/gnaf-2016-05/address/GAACT715101824,1,http://linked.data.gov.au/dataset/asgs2016/statisticalarealevel2/801051049
http://linked.data.gov.au/dataset/gnaf-2016-05/address/GAACT715225579,1,http://linked.data.gov.au/dataset/asgs2016/statisticalarealevel2/801051049
http://linked.data.gov.au/dataset/gnaf-2016-05/address/GAACT715225580,1,http://linked.data.gov.au/dataset/asgs2016/statisticalarealevel2/801051049
http://linked.data.gov.au/dataset/gnaf-2016-05/address/GAACT715225582,1,http://linked.data.gov.au/dataset/asgs2016/statisticalarealevel2/801051049
http://linked.data.gov.au/dataset/gnaf-2016-05/address/GAACT715225583,1,http://linked.data.gov.au/dataset/asgs2016/statisticalarealevel2/801051049
http://linked.data.gov.au/dataset/gnaf-2016-05/address/GAACT715225584,1,http://linked.data.gov.au/dataset/asgs2016/statisticalarealevel2/801051049
http://linked.data.gov.au/dataset/gnaf-2016-05/address/GAACT715707363,1,http://linked.data.gov.au/dataset/asgs2016/statisticalarealevel2/801051049
http://linked.data.gov.au/dataset/gnaf-2016-05/address/GAACT715709681,1,http://linked.data.gov.au/dataset/asgs2016/statisticalarealevel2/801051049
http://linked.data.gov.au/dataset/gnaf-2016-05/address/GAACT715709682,1,http://linked.data.gov.au/dataset/asgs2016/statisticalarealevel2/801051049
http://linked.data.gov.au/dataset/gnaf-2016-05/address/GAACT715709683,1,http://linked.data.gov.au/dataset/asgs2016/statisticalarealevel2/801051049
http://linked.data.gov.au/dataset/gnaf-2016-05/address/GAACT715709684,1,http://linked.data.gov.au/dataset/asgs2016/statisticalarealevel2/801051049
http://linked.data.gov.au/dataset/gnaf-2016-05/address/GAACT716244321,1,http://linked.data.gov.au/dataset/asgs2016/statisticalarealevel2/801051049
http://linked.data.gov.au/dataset/gnaf-2016-05/address/GAACT716244670,1,http://linked.data.gov.au/dataset/asgs2016/statisticalarealevel2/801051049
http://linked.data.gov.au/dataset/gnaf-2016-05/address/GAACT716244671,1,http://linked.data.gov.au/dataset/asgs2016/statisticalarealevel2/801051049
http://linked.data.gov.au/dataset/gnaf-2016-05/address/GAACT716244739,1,http://linked.data.gov.au/dataset/asgs2016/statisticalarealevel2/801051049
http://linked.data.gov.au/dataset/gnaf-2016-05/address/GAACT717230615,1,http://linked.data.gov.au/dataset/asgs2016/statisticalarealevel2/801051049
http://linked.data.gov.au/dataset/gnaf-2016-05/address/GAACT717738197,1,http://linked.data.gov.au/dataset/asgs2016/statisticalarealevel2/801051049
http://linked.data.gov.au/dataset/gnaf-2016-05/address/GAACT717936763,1,http://linked.data.gov.au/dataset/asgs2016/statisticalarealevel2/801051049
http://linked.data.gov.au/dataset/gnaf-2016-05/address/GAACT717936764,1,http://linked.data.gov.au/dataset/asgs2016/statisticalarealevel2/801051049
http://linked.data.gov.au/dataset/gnaf-2016-05/address/GAACT717936765,1,http://linked.data.gov.au/dataset/asgs2016/statisticalarealevel2/801051049
http://linked.data.gov.au/dataset/gnaf-2016-05/address/GAACT717936766,1,http://linked.data.gov.au/dataset/asgs2016/statisticalarealevel2/801051049
http://linked.data.gov.au/dataset/gnaf-2016-05/address/GAACT717936767,1,http://linked.data.gov.au/dataset/asgs2016/statisticalarealevel2/801051049
http://linked.data.gov.au/dataset/gnaf-2016-05/address/GAACT717936768,1,http://linked.data.gov.au/dataset/asgs2016/statisticalarealevel2/801051049
http://linked.data.gov.au/dataset/gnaf-2016-05/address/GAACT717936769,1,http://linked.data.gov.au/dataset/asgs2016/statisticalarealevel2/801051049
http://linked.data.gov.au/dataset/gnaf-2016-05/address/GAACT717936770,1,http://linked.data.gov.au/dataset/asgs2016/statisticalarealevel2/801051049
http://linked.data.gov.au/dataset/gnaf-2016-05/address/GAACT717936771,1,http://linked.data.gov.au/dataset/asgs2016/statisticalarealevel2/801051049
http://linked.data.gov.au/dataset/gnaf-2016-05/address/GAACT717936772,1,http://linked.data.gov.au/dataset/asgs2016/statisticalarealevel2/801051049
http://linked.data.gov.au/dataset/gnaf-2016-05/address/GAACT717936773,1,http://linked.data.gov.au/dataset/asgs2016/statisticalarealevel2/801051049
http://linked.data.gov.au/dataset/gnaf-2016-05/address/GAACT717936774,1,http://linked.data.gov.au/dataset/asgs2016/statisticalarealevel2/801051049
http://linked.data.gov.au/dataset/gnaf-2016-05/address/GAACT717936775,1,http://linked.data.gov.au/dataset/asgs2016/statisticalarealevel2/801051049
http://linked.data.gov.au/dataset/gnaf-2016-05/address/GAACT717936776,1,http://linked.data.gov.au/dataset/asgs2016/statisticalarealevel2/801051049
http://linked.data.gov.au/dataset/gnaf-2016-05/address/GAACT717936803,1,http://linked.data.gov.au/dataset/asgs2016/statisticalarealevel2/801051049
http://linked.data.gov.au/dataset/gnaf-2016-05/address/GAACT717936804,1,http://linked.data.gov.au/dataset/asgs2016/statisticalarealevel2/801051049
http://linked.data.gov.au/dataset/gnaf-2016-05/address/GAACT717936854,1,http://linked.data.gov.au/dataset/asgs2016/statisticalarealevel2/801051049
http://linked.data.gov.au/dataset/gnaf-2016-05/address/GAACT717936855,1,http://linked.data.gov.au/dataset/asgs2016/statisticalarealevel2/801051049
http://linked.data.gov.au/dataset/gnaf-2016-05/address/GAACT717936856,1,http://linked.data.gov.au/dataset/asgs2016/statisticalarealevel2/801051049
http://linked.data.gov.au/dataset/gnaf-2016-05/address/GAACT717936857,1,http://linked.data.gov.au/dataset/asgs2016/statisticalarealevel2/801051049
http://linked.data.gov.au/dataset/gnaf-2016-05/address/GAACT717936858,1,http://linked.data.gov.au/dataset/asgs2016/statisticalarealevel2/801051049
http://linked.data.gov.au/dataset/gnaf-2016-05/address/GAACT717936861,1,http://linked.data.gov.au/dataset/asgs2016/statisticalarealevel2/801051049
http://linked.data.gov.au/dataset/gnaf-2016-05/address/GAACT717936862,1,http://linked.data.gov.au/dataset/asgs2016/statisticalarealevel2/801051049
http://linked.data.gov.au/dataset/gnaf-2016-05/address/GAACT717936880,1,http://linked.data.gov.au/dataset/asgs2016/statisticalarealevel2/801051049
http://linked.data.gov.au/dataset/gnaf-2016-05/address/GAACT717936881,1,http://linked.data.gov.au/dataset/asgs2016/statisticalarealevel2/801051049
http://linked.data.gov.au/dataset/gnaf-2016-05/address/GAACT717936882,1,http://linked.data.gov.au/dataset/asgs2016/statisticalarealevel2/801051049
http://linked.data.gov.au/dataset/gnaf-2016-05/address/GAACT717936883,1,http://linked.data.gov.au/dataset/asgs2016/statisticalarealevel2/801051049
http://linked.data.gov.au/dataset/gnaf-2016-05/address/GAACT717936890,1,http://linked.data.gov.au/dataset/asgs2016/statisticalarealevel2/801051049
http://linked.data.gov.au/dataset/gnaf-2016-05/address/GAACT717936891,1,http://linked.data.gov.au/dataset/asgs2016/statisticalarealevel2/801051049
http://linked.data.gov.au/dataset/gnaf-2016-05/address/GAACT717936892,1,http://linked.data.gov.au/dataset/asgs2016/statisticalarealevel2/801051049
http://linked.data.gov.au/dataset/gnaf-2016-05/address/GAACT717936908,1,http://linked.data.gov.au/dataset/asgs2016/statisticalarealevel2/801051049
http://linked.data.gov.au/dataset/gnaf-2016-05/address/GAACT717936910,1,http://linked.data.gov.au/dataset/asgs2016/statisticalarealevel2/801051049
http://linked.data.gov.au/dataset/gnaf-2016-05/address/GAACT717936911,1,http://linked.data.gov.au/dataset/asgs2016/statisticalarealevel2/801051049
http://linked.data.gov.au/dataset/gnaf-2016-05/address/GAACT717936912,1,http://linked.data.gov.au/dataset/asgs2016/statisticalarealevel2/801051049
http://linked.data.gov.au/dataset/gnaf-2016-05/address/GAACT717936913,1,http://linked.data.gov.au/dataset/asgs2016/statisticalarealevel2/801051049
http://linked.data.gov.au/dataset/gnaf-2016-05/address/GAACT717936914,1,http://linked.data.gov.au/dataset/asgs2016/statisticalarealevel2/801051049
http://linked.data.gov.au/dataset/gnaf-2016-05/address/GAACT717936915,1,http://linked.data.gov.au/dataset/asgs2016/statisticalarealevel2/801051049
http://linked.data.gov.au/dataset/gnaf-2016-05/address/GAACT717936916,1,http://linked.data.gov.au/dataset/asgs2016/statisticalarealevel2/801051049
http://linked.data.gov.au/dataset/gnaf-2016-05/address/GAACT717936918,1,http://linked.data.gov.au/dataset/asgs2016/statisticalarealevel2/801051049
http://linked.data.gov.au/dataset/gnaf-2016-05/address/GAACT717936919,1,http://linked.data.gov.au/dataset/asgs2016/statisticalarealevel2/801051049
http://linked.data.gov.au/dataset/gnaf-2016-05/address/GAACT717936920,1,http://linked.data.gov.au/dataset/asgs2016/statisticalarealevel2/801051049
http://linked.data.gov.au/dataset/gnaf-2016-05/address/GAACT717936921,1,http://linked.data.gov.au/dataset/asgs2016/statisticalarealevel2/801051049
http://linked.data.gov.au/dataset/gnaf-2016-05/address/GAACT717936922,1,http://linked.data.gov.au/dataset/asgs2016/statisticalarealevel2/801051049
http://linked.data.gov.au/dataset/gnaf-2016-05/address/GAACT717936923,1,http://linked.data.gov.au/dataset/asgs2016/statisticalarealevel2/801051049
http://linked.data.gov.au/dataset/gnaf-2016-05/address/GAACT717936924,1,http://linked.data.gov.au/dataset/asgs2016/statisticalarealevel2/801051049
http://linked.data.gov.au/dataset/gnaf-2016-05/address/GAACT717936925,1,http://linked.data.gov.au/dataset/asgs2016/statisticalarealevel2/801051049
http://linked.data.gov.au/dataset/gnaf-2016-05/address/GAACT717936926,1,http://linked.data.gov.au/dataset/asgs2016/statisticalarealevel2/801051049
http://linked.data.gov.au/dataset/gnaf-2016-05/address/GAACT717936927,1,http://linked.data.gov.au/dataset/asgs2016/statisticalarealevel2/801051049
http://linked.data.gov.au/dataset/gnaf-2016-05/address/GAACT717936928,1,http://linked.data.gov.au/dataset/asgs2016/statisticalarealevel2/801051049
http://linked.data.gov.au/dataset/gnaf-2016-05/address/GAACT717936937,1,http://linked.data.gov.au/dataset/asgs2016/statisticalarealevel2/801051049
http://linked.data.gov.au/dataset/gnaf-2016-05/address/GAACT717936938,1,http://linked.data.gov.au/dataset/asgs2016/statisticalarealevel2/801051049
http://linked.data.gov.au/dataset/gnaf-2016-05/address/GAACT717936939,1,http://linked.data.gov.au/dataset/asgs2016/statisticalarealevel2/801051049
http://linked.data.gov.au/dataset/gnaf-2016-05/address/GAACT717936940,1,http://linked.data.gov.au/dataset/asgs2016/statisticalarealevel2/801051049
http://linked.data.gov.au/dataset/gnaf-2016-05/address/GAACT717936941,1,http://linked.data.gov.au/dataset/asgs2016/statisticalarealevel2/801051049
http://linked.data.gov.au/dataset/gnaf-2016-05/address/GAACT717936942,1,http://linked.data.gov.au/dataset/asgs2016/statisticalarealevel2/801051049
http://linked.data.gov.au/dataset/gnaf-2016-05/address/GAACT717936943,1,http://linked.data.gov.au/dataset/asgs2016/statisticalarealevel2/801051049
http://linked.data.gov.au/dataset/gnaf-2016-05/address/GAACT717936944,1,http://linked.data.gov.au/dataset/asgs2016/statisticalarealevel2/801051049
http://linked.data.gov.au/dataset/gnaf-2016-05/address/GAACT717936945,1,http://linked.data.gov.au/dataset/asgs2016/statisticalarealevel2/801051049
http://linked.data.gov.au/dataset/gnaf-2016-05/address/GAACT717936946,1,http://linked.data.gov.au/dataset/asgs2016/statisticalarealevel2/801051049
http://linked.data.gov.au/dataset/gnaf-2016-05/address/GAACT717936947,1,http://linked.data.gov.au/dataset/asgs2016/statisticalarealevel2/801051049
http://linked.data.gov.au/dataset/gnaf-2016-05/address/GAACT717936948,1,http://linked.data.gov.au/dataset/asgs2016/statisticalarealevel2/801051049
http://linked.data.gov.au/dataset/gnaf-2016-05/address/GAACT717936949,1,http://linked.data.gov.au/dataset/asgs2016/statisticalarealevel2/801051049
http://linked.data.gov.au/dataset/gnaf-2016-05/address/GAACT717936950,1,http://linked.data.gov.au/dataset/asgs2016/statisticalarealevel2/801051049
http://linked.data.gov.au/dataset/gnaf-2016-05/address/GAACT717936951,1,http://linked.data.gov.au/dataset/asgs2016/statisticalarealevel2/801051049
http://linked.data.gov.au/dataset/gnaf-2016-05/address/GAACT717937074,1,http://linked.data.gov.au/dataset/asgs2016/statisticalarealevel2/801051049
http://linked.data.gov.au/dataset/gnaf-2016-05/address/GAACT717937075,1,http://linked.data.gov.au/dataset/asgs2016/statisticalarealevel2/801051049
http://linked.data.gov.au/dataset/gnaf-2016-05/address/GAACT717937076,1,http://linked.data.gov.au/dataset/asgs2016/statisticalarealevel2/801051049
http://linked.data.gov.au/dataset/gnaf-2016-05/address/GAACT717937077,1,http://linked.data.gov.au/dataset/asgs2016/statisticalarealevel2/801051049
http://linked.data.gov.au/dataset/gnaf-2016-05/address/GAACT717937078,1,http://linked.data.gov.au/dataset/asgs2016/statisticalarealevel2/801051049
http://linked.data.gov.au/dataset/gnaf-2016-05/address/GAACT717937079,1,http://linked.data.gov.au/dataset/asgs2016/statisticalarealevel2/801051049
http://linked.data.gov.au/dataset/gnaf-2016-05/address/GAACT717937080,1,http://linked.data.gov.au/dataset/asgs2016/statisticalarealevel2/801051049
http://linked.data.gov.au/dataset/gnaf-2016-05/address/GAACT717937081,1,http://linked.data.gov.au/dataset/asgs2016/statisticalarealevel2/801051049
http://linked.data.gov.au/dataset/gnaf-2016-05/address/GAACT717937082,1,http://linked.data.gov.au/dataset/asgs2016/statisticalarealevel2/801051049
http://linked.data.gov.au/dataset/gnaf-2016-05/address/GAACT717937083,1,http://linked.data.gov.au/dataset/asgs2016/statisticalarealevel2/801051049
http://linked.data.gov.au/dataset/gnaf-2016-05/address/GAACT717937084,1,http://linked.data.gov.au/dataset/asgs2016/statisticalarealevel2/801051049
http://linked.data.gov.au/dataset/gnaf-2016-05/address/GAACT717937085,1,http://linked.data.gov.au/dataset/asgs2016/statisticalarealevel2/801051049
http://linked.data.gov.au/dataset/gnaf-2016-05/address/GAACT717937086,1,http://linked.data.gov.au/dataset/asgs2016/statisticalarealevel2/801051049
http://linked.data.gov.au/dataset/gnaf-2016-05/address/GAACT717937191,1,http://linked.data.gov.au/dataset/asgs2016/statisticalarealevel2/801051049
http://linked.data.gov.au/dataset/gnaf-2016-05/address/GAACT717937192,1,http://linked.data.gov.au/dataset/asgs2016/statisticalarealevel2/801051049
http://linked.data.gov.au/dataset/gnaf-2016-05/address/GAACT717937193,1,http://linked.data.gov.au/dataset/asgs2016/statisticalarealevel2/801051049
http://linked.data.gov.au/dataset/gnaf-2016-05/address/GAACT717937194,1,http://linked.data.gov.au/dataset/asgs2016/statisticalarealevel2/801051049
http://linked.data.gov.au/dataset/gnaf-2016-05/address/GAACT717937195,1,http://linked.data.gov.au/dataset/asgs2016/statisticalarealevel2/801051049
http://linked.data.gov.au/dataset/gnaf-2016-05/address/GAACT717937196,1,http://linked.data.gov.au/dataset/asgs2016/statisticalarealevel2/801051049
http://linked.data.gov.au/dataset/gnaf-2016-05/address/GAACT717937197,1,http://linked.data.gov.au/dataset/asgs2016/statisticalarealevel2/801051049
http://linked.data.gov.au/dataset/gnaf-2016-05/address/GAACT717937198,1,http://linked.data.gov.au/dataset/asgs2016/statisticalarealevel2/801051049
http://linked.data.gov.au/dataset/gnaf-2016-05/address/GAACT717937199,1,http://linked.data.gov.au/dataset/asgs2016/statisticalarealevel2/801051049
http://linked.data.gov.au/dataset/gnaf-2016-05/address/GAACT717937203,1,http://linked.data.gov.au/dataset/asgs2016/statisticalarealevel2/801051049
http://linked.data.gov.au/dataset/gnaf-2016-05/address/GAACT717937204,1,http://linked.data.gov.au/dataset/asgs2016/statisticalarealevel2/801051049
http://linked.data.gov.au/dataset/gnaf-2016-05/address/GAACT717937205,1,http://linked.data.gov.au/dataset/asgs2016/statisticalarealevel2/801051049
http://linked.data.gov.au/dataset/gnaf-2016-05/address/GAACT717937206,1,http://linked.data.gov.au/dataset/asgs2016/statisticalarealevel2/801051049
http://linked.data.gov.au/dataset/gnaf-2016-05/address/GAACT717937207,1,http://linked.data.gov.au/dataset/asgs2016/statisticalarealevel2/801051049
http://linked.data.gov.au/dataset/gnaf-2016-05/address/GAACT717937208,1,http://linked.data.gov.au/dataset/asgs2016/statisticalarealevel2/801051049
http://linked.data.gov.au/dataset/gnaf-2016-05/address/GAACT717937209,1,http://linked.data.gov.au/dataset/asgs2016/statisticalarealevel2/801051049
http://linked.data.gov.au/dataset/gnaf-2016-05/address/GAACT717937250,1,http://linked.data.gov.au/dataset/asgs2016/statisticalarealevel2/801051049
http://linked.data.gov.au/dataset/gnaf-2016-05/address/GAACT717937251,1,http://linked.data.gov.au/dataset/asgs2016/statisticalarealevel2/801051049
http://linked.data.gov.au/dataset/gnaf-2016-05/address/GAACT717937252,1,http://linked.data.gov.au/dataset/asgs2016/statisticalarealevel2/801051049
http://linked.data.gov.au/dataset/gnaf-2016-05/address/GAACT717937253,1,http://linked.data.gov.au/dataset/asgs2016/statisticalarealevel2/801051049
http://linked.data.gov.au/dataset/gnaf-2016-05/address/GAACT717937254,1,http://linked.data.gov.au/dataset/asgs2016/statisticalarealevel2/801051049
http://linked.data.gov.au/dataset/gnaf-2016-05/address/GAACT717937255,1,http://linked.data.gov.au/dataset/asgs2016/statisticalarealevel2/801051049
http://linked.data.gov.au/dataset/gnaf-2016-05/address/GAACT717937256,1,http://linked.data.gov.au/dataset/asgs2016/statisticalarealevel2/801051049
http://linked.data.gov.au/dataset/gnaf-2016-05/address/GAACT717937257,1,http://linked.data.gov.au/dataset/asgs2016/statisticalarealevel2/801051049
http://linked.data.gov.au/dataset/gnaf-2016-05/address/GAACT717937258,1,http://linked.data.gov.au/dataset/asgs2016/statisticalarealevel2/801051049
http://linked.data.gov.au/dataset/gnaf-2016-05/address/GAACT717937259,1,http://linked.data.gov.au/dataset/asgs2016/statisticalarealevel2/801051049
http://linked.data.gov.au/dataset/gnaf-2016-05/address/GAACT717937260,1,http://linked.data.gov.au/dataset/asgs2016/statisticalarealevel2/801051049
http://linked.data.gov.au/dataset/gnaf-2016-05/address/GAACT717937297,1,http://linked.data.gov.au/dataset/asgs2016/statisticalarealevel2/801051049
http://linked.data.gov.au/dataset/gnaf-2016-05/address/GAACT717937298,1,http://linked.data.gov.au/dataset/asgs2016/statisticalarealevel2/801051049
http://linked.data.gov.au/dataset/gnaf-2016-05/address/GAACT717937299,1,http://linked.data.gov.au/dataset/asgs2016/statisticalarealevel2/801051049
http://linked.data.gov.au/dataset/gnaf-2016-05/address/GAACT717937300,1,http://linked.data.gov.au/dataset/asgs2016/statisticalarealevel2/801051049
http://linked.data.gov.au/dataset/gnaf-2016-05/address/GAACT717937301,1,http://linked.data.gov.au/dataset/asgs2016/statisticalarealevel2/801051049
http://linked.data.gov.au/dataset/gnaf-2016-05/address/GAACT717937302,1,http://linked.data.gov.au/dataset/asgs2016/statisticalarealevel2/801051049
http://linked.data.gov.au/dataset/gnaf-2016-05/address/GAACT717937303,1,http://linked.data.gov.au/dataset/asgs2016/statisticalarealevel2/801051049
http://linked.data.gov.au/dataset/gnaf-2016-05/address/GAACT717937345,1,http://linked.data.gov.au/dataset/asgs2016/statisticalarealevel2/801051049
http://linked.data.gov.au/dataset/gnaf-2016-05/address/GAACT717940859,1,http://linked.data.gov.au/dataset/asgs2016/statisticalarealevel2/801051049
http://linked.data.gov.au/dataset/gnaf-2016-05/address/GAACT717941104,1,http://linked.data.gov.au/dataset/asgs2016/statisticalarealevel2/801051049
http://linked.data.gov.au/dataset/gnaf-2016-05/address/GAACT718183723,1,http://linked.data.gov.au/dataset/asgs2016/statisticalarealevel2/801051049
http://linked.data.gov.au/dataset/gnaf-2016-05/address/GAACT718294359,1,http://linked.data.gov.au/dataset/asgs2016/statisticalarealevel2/801051049
http://linked.data.gov.au/dataset/gnaf-2016-05/address/GAACT718294360,1,http://linked.data.gov.au/dataset/asgs2016/statisticalarealevel2/801051049
http://linked.data.gov.au/dataset/gnaf-2016-05/address/GAACT718335214,1,http://linked.data.gov.au/dataset/asgs2016/statisticalarealevel2/801051049
http://linked.data.gov.au/dataset/gnaf-2016-05/address/GAACT718360118,1,http://linked.data.gov.au/dataset/asgs2016/statisticalarealevel2/801051049
http://linked.data.gov.au/dataset/gnaf-2016-05/address/GAACT718360119,1,http://linked.data.gov.au/dataset/asgs2016/statisticalarealevel2/801051049
http://linked.data.gov.au/dataset/gnaf-2016-05/address/GAACT718360120,1,http://linked.data.gov.au/dataset/asgs2016/statisticalarealevel2/801051049
http://linked.data.gov.au/dataset/gnaf-2016-05/address/GAACT718360121,1,http://linked.data.gov.au/dataset/asgs2016/statisticalarealevel2/801051049
http://linked.data.gov.au/dataset/gnaf-2016-05/address/GAACT718360122,1,http://linked.data.gov.au/dataset/asgs2016/statisticalarealevel2/801051049
http://linked.data.gov.au/dataset/gnaf-2016-05/address/GAACT718360123,1,http://linked.data.gov.au/dataset/asgs2016/statisticalarealevel2/801051049
http://linked.data.gov.au/dataset/gnaf-2016-05/address/GAACT718360124,1,http://linked.data.gov.au/dataset/asgs2016/statisticalarealevel2/801051049
http://linked.data.gov.au/dataset/gnaf-2016-05/address/GAACT718360125,1,http://linked.data.gov.au/dataset/asgs2016/statisticalarealevel2/801051049
http://linked.data.gov.au/dataset/gnaf-2016-05/address/GAACT718360127,1,http://linked.data.gov.au/dataset/asgs2016/statisticalarealevel2/801051049
http://linked.data.gov.au/dataset/gnaf-2016-05/address/GAACT718360128,1,http://linked.data.gov.au/dataset/asgs2016/statisticalarealevel2/801051049
http://linked.data.gov.au/dataset/gnaf-2016-05/address/GAACT718360129,1,http://linked.data.gov.au/dataset/asgs2016/statisticalarealevel2/801051049
http://linked.data.gov.au/dataset/gnaf-2016-05/address/GAACT718360130,1,http://linked.data.gov.au/dataset/asgs2016/statisticalarealevel2/801051049
http://linked.data.gov.au/dataset/gnaf-2016-05/address/GAACT718360131,1,http://linked.data.gov.au/dataset/asgs2016/statisticalarealevel2/801051049
http://linked.data.gov.au/dataset/gnaf-2016-05/address/GAACT718360132,1,http://linked.data.gov.au/dataset/asgs2016/statisticalarealevel2/801051049
http://linked.data.gov.au/dataset/gnaf-2016-05/address/GAACT718360133,1,http://linked.data.gov.au/dataset/asgs2016/statisticalarealevel2/801051049
http://linked.data.gov.au/dataset/gnaf-2016-05/address/GAACT718360134,1,http://linked.data.gov.au/dataset/asgs2016/statisticalarealevel2/801051049
http://linked.data.gov.au/dataset/gnaf-2016-05/address/GAACT718360135,1,http://linked.data.gov.au/dataset/asgs2016/statisticalarealevel2/801051049
http://linked.data.gov.au/dataset/gnaf-2016-05/address/GAACT718360136,1,http://linked.data.gov.au/dataset/asgs2016/statisticalarealevel2/801051049
http://linked.data.gov.au/dataset/gnaf-2016-05/address/GAACT718360137,1,http://linked.data.gov.au/dataset/asgs2016/statisticalarealevel2/801051049
http://linked.data.gov.au/dataset/gnaf-2016-05/address/GAACT718360139,1,http://linked.data.gov.au/dataset/asgs2016/statisticalarealevel2/801051049
http://linked.data.gov.au/dataset/gnaf-2016-05/address/GAACT718360140,1,http://linked.data.gov.au/dataset/asgs2016/statisticalarealevel2/801051049
http://linked.data.gov.au/dataset/gnaf-2016-05/address/GAACT718360141,1,http://linked.data.gov.au/dataset/asgs2016/statisticalarealevel2/801051049
http://linked.data.gov.au/dataset/gnaf-2016-05/address/GAACT718360142,1,http://linked.data.gov.au/dataset/asgs2016/statisticalarealevel2/801051049
http://linked.data.gov.au/dataset/gnaf-2016-05/address/GAACT718360143,1,http://linked.data.gov.au/dataset/asgs2016/statisticalarealevel2/801051049
http://linked.data.gov.au/dataset/gnaf-2016-05/address/GAACT718360144,1,http://linked.data.gov.au/dataset/asgs2016/statisticalarealevel2/801051049
http://linked.data.gov.au/dataset/gnaf-2016-05/address/GAACT718360145,1,http://linked.data.gov.au/dataset/asgs2016/statisticalarealevel2/801051049
http://linked.data.gov.au/dataset/gnaf-2016-05/address/GAACT718360146,1,http://linked.data.gov.au/dataset/asgs2016/statisticalarealevel2/801051049
http://linked.data.gov.au/dataset/gnaf-2016-05/address/GAACT718360147,1,http://linked.data.gov.au/dataset/asgs2016/statisticalarealevel2/801051049
http://linked.data.gov.au/dataset/gnaf-2016-05/address/GAACT718360148,1,http://linked.data.gov.au/dataset/asgs2016/statisticalarealevel2/801051049
http://linked.data.gov.au/dataset/gnaf-2016-05/address/GAACT718360149,1,http://linked.data.gov.au/dataset/asgs2016/statisticalarealevel2/801051049
http://linked.data.gov.au/dataset/gnaf-2016-05/address/GAACT718360151,1,http://linked.data.gov.au/dataset/asgs2016/statisticalarealevel2/801051049
http://linked.data.gov.au/dataset/gnaf-2016-05/address/GAACT718360152,1,http://linked.data.gov.au/dataset/asgs2016/statisticalarealevel2/801051049
http://linked.data.gov.au/dataset/gnaf-2016-05/address/GAACT718360153,1,http://linked.data.gov.au/dataset/asgs2016/statisticalarealevel2/801051049
http://linked.data.gov.au/dataset/gnaf-2016-05/address/GAACT718360154,1,http://linked.data.gov.au/dataset/asgs2016/statisticalarealevel2/801051049
http://linked.data.gov.au/dataset/gnaf-2016-05/address/GAACT718360155,1,http://linked.data.gov.au/dataset/asgs2016/statisticalarealevel2/801051049
http://linked.data.gov.au/dataset/gnaf-2016-05/address/GAACT718360156,1,http://linked.data.gov.au/dataset/asgs2016/statisticalarealevel2/801051049
http://linked.data.gov.au/dataset/gnaf-2016-05/address/GAACT718360157,1,http://linked.data.gov.au/dataset/asgs2016/statisticalarealevel2/801051049
http://linked.data.gov.au/dataset/gnaf-2016-05/address/GAACT718360158,1,http://linked.data.gov.au/dataset/asgs2016/statisticalarealevel2/801051049
http://linked.data.gov.au/dataset/gnaf-2016-05/address/GAACT718360159,1,http://linked.data.gov.au/dataset/asgs2016/statisticalarealevel2/801051049
http://linked.data.gov.au/dataset/gnaf-2016-05/address/GAACT718360160,1,http://linked.data.gov.au/dataset/asgs2016/statisticalarealevel2/801051049
http://linked.data.gov.au/dataset/gnaf-2016-05/address/GAACT718360161,1,http://linked.data.gov.au/dataset/asgs2016/statisticalarealevel2/801051049
http://linked.data.gov.au/dataset/gnaf-2016-05/address/GAACT718360162,1,http://linked.data.gov.au/dataset/asgs2016/statisticalarealevel2/801051049
http://linked.data.gov.au/dataset/gnaf-2016-05/address/GAACT718360164,1,http://linked.data.gov.au/dataset/asgs2016/statisticalarealevel2/801051049
http://linked.data.gov.au/dataset/gnaf-2016-05/address/GAACT718360165,1,http://linked.data.gov.au/dataset/asgs2016/statisticalarealevel2/801051049
http://linked.data.gov.au/dataset/gnaf-2016-05/address/GAACT718360166,1,http://linked.data.gov.au/dataset/asgs2016/statisticalarealevel2/801051049
http://linked.data.gov.au/dataset/gnaf-2016-05/address/GAACT718519568,1,http://linked.data.gov.au/dataset/asgs2016/statisticalarealevel2/801051049
http://linked.data.gov.au/dataset/gnaf-2016-05/address/GAACT718709185,1,http://linked.data.gov.au/dataset/asgs2016/statisticalarealevel2/801051049
http://linked.data.gov.au/dataset/gnaf-2016-05/address/GAACT715101149,1,http://linked.data.gov.au/dataset/asgs2016/statisticalarealevel2/801051049
http://linked.data.gov.au/dataset/gnaf-2016-05/address/GAACT715101150,1,http://linked.data.gov.au/dataset/asgs2016/statisticalarealevel2/801051049
http://linked.data.gov.au/dataset/gnaf-2016-05/address/GAACT715101872,1,http://linked.data.gov.au/dataset/asgs2016/statisticalarealevel2/801051049
http://linked.data.gov.au/dataset/gnaf-2016-05/address/GAACT717936761,1,http://linked.data.gov.au/dataset/asgs2016/statisticalarealevel2/801051049
http://linked.data.gov.au/dataset/gnaf-2016-05/address/GAACT717882372,1,http://linked.data.gov.au/dataset/asgs2016/statisticalarealevel2/801051049
http://linked.data.gov.au/dataset/gnaf-2016-05/address/GAACT717882373,1,http://linked.data.gov.au/dataset/asgs2016/statisticalarealevel2/801051049
http://linked.data.gov.au/dataset/gnaf-2016-05/address/GAACT717882374,1,http://linked.data.gov.au/dataset/asgs2016/statisticalarealevel2/801051049
http://linked.data.gov.au/dataset/gnaf-2016-05/address/GAACT717937068,1,http://linked.data.gov.au/dataset/asgs2016/statisticalarealevel2/801051049
http://linked.data.gov.au/dataset/gnaf-2016-05/address/GAACT717937069,1,http://linked.data.gov.au/dataset/asgs2016/statisticalarealevel2/801051049
http://linked.data.gov.au/dataset/gnaf-2016-05/address/GAACT717937070,1,http://linked.data.gov.au/dataset/asgs2016/statisticalarealevel2/801051049
http://linked.data.gov.au/dataset/gnaf-2016-05/address/GAACT717937071,1,http://linked.data.gov.au/dataset/asgs2016/statisticalarealevel2/801051049
http://linked.data.gov.au/dataset/gnaf-2016-05/address/GAACT717937072,1,http://linked.data.gov.au/dataset/asgs2016/statisticalarealevel2/801051049
http://linked.data.gov.au/dataset/gnaf-2016-05/address/GAACT717937073,1,http://linked.data.gov.au/dataset/asgs2016/statisticalarealevel2/801051049
http://linked.data.gov.au/dataset/gnaf-2016-05/address/GAACT718594429,1,http://linked.data.gov.au/dataset/asgs2016/statisticalarealevel2/801051049
http://linked.data.gov.au/dataset/gnaf-2016-05/address/GAACT718594430,1,http://linked.data.gov.au/dataset/asgs2016/statisticalarealevel2/801051049
http://linked.data.gov.au/dataset/gnaf-2016-05/address/GAACT714896894,1,http://linked.data.gov.au/dataset/asgs2016/statisticalarealevel2/801051049
http://linked.data.gov.au/dataset/gnaf-2016-05/address/GAACT717754702,1,http://linked.data.gov.au/dataset/asgs2016/statisticalarealevel2/801051049
http://linked.data.gov.au/dataset/gnaf-2016-05/address/GAACT718908123,1,http://linked.data.gov.au/dataset/asgs2016/statisticalarealevel2/801051049
http://linked.data.gov.au/dataset/gnaf-2016-05/address/GAACT716910085,1,http://linked.data.gov.au/dataset/asgs2016/statisticalarealevel2/801051049
http://linked.data.gov.au/dataset/gnaf-2016-05/address/GAACT716910086,1,http://linked.data.gov.au/dataset/asgs2016/statisticalarealevel2/801051049
http://linked.data.gov.au/dataset/gnaf-2016-05/address/GAACT714882275,1,http://linked.data.gov.au/dataset/asgs2016/statisticalarealevel2/801051049
http://linked.data.gov.au/dataset/gnaf-2016-05/address/GAACT714966595,1,http://linked.data.gov.au/dataset/asgs2016/statisticalarealevel2/801051049
http://linked.data.gov.au/dataset/gnaf-2016-05/address/GAACT714966596,1,http://linked.data.gov.au/dataset/asgs2016/statisticalarealevel2/801051049
http://linked.data.gov.au/dataset/gnaf-2016-05/address/GAACT717754356,1,http://linked.data.gov.au/dataset/asgs2016/statisticalarealevel2/801051049
http://linked.data.gov.au/dataset/gnaf-2016-05/address/GAACT717882217,1,http://linked.data.gov.au/dataset/asgs2016/statisticalarealevel2/801051049
http://linked.data.gov.au/dataset/gnaf-2016-05/address/GAACT717882218,1,http://linked.data.gov.au/dataset/asgs2016/statisticalarealevel2/801051049
http://linked.data.gov.au/dataset/gnaf-2016-05/address/GAACT717882219,1,http://linked.data.gov.au/dataset/asgs2016/statisticalarealevel2/801051049
http://linked.data.gov.au/dataset/gnaf-2016-05/address/GAACT717938994,1,http://linked.data.gov.au/dataset/asgs2016/statisticalarealevel2/801051049
http://linked.data.gov.au/dataset/gnaf-2016-05/address/GAACT718016426,1,http://linked.data.gov.au/dataset/asgs2016/statisticalarealevel2/801051049
http://linked.data.gov.au/dataset/gnaf-2016-05/address/GAACT718016427,1,http://linked.data.gov.au/dataset/asgs2016/statisticalarealevel2/801051049
http://linked.data.gov.au/dataset/gnaf-2016-05/address/GAACT718016428,1,http://linked.data.gov.au/dataset/asgs2016/statisticalarealevel2/801051049
